Workbook

Sheet HRM (Overview)
A2: Emp ID | B2: Employee Data | E2: Limit | F2: Limit | G2: 10 Minutes | H2: 01 Hour | I2: O.T | J2: Mobile
A4: EMP ID | B4: Department | C4: Name | D4: Time | E4: Half day | F4: Half Day (Medical) | G4: Late Marks After | H4: Last To Enter in Lab | I4: Amount | J4: Phone - 1 | K4: Phone - 2 | L4: Imei 01 | 02-P1 | M4: Imei 01 | 02-P2
A5: EMP10 | B5: W.O | Sales | C5: Jahanzaib Nassar | D5: 0 | E5: 0 | F5: 0 | G5: =D5+Formulas!B4 -> 0.0069444444 | H5: =D5+Formulas!B5 -> 0.041666667 | I5: 250 | J5: Oppo A16 | K5: - | L5: 864772053841473 | 864772053841465 | M5: -
A6: EMP40 | B6: W.O | Sales | C6: Sheikh Muhmmad Usman | D6: 0.66666667 | E6: 1 | F6: 1 | G6: =D6+Formulas!B4 -> 0.67361111 | H6: 0.6875 | I6: 250 | K6: - | M6: -
A7: EMP01 | B7: Software | C7: Shahzaib Ali | D7: 0.5 | E7: 0 | F7: 1 | G7: =D7+Formulas!B4 -> 0.50694444 | H7: =D7+Formulas!B5 -> 0.54166667 | I7: 250 | J7: iPhone 11 | K7: - | L7: 353987107163603 | 353987105413885 | M7: -
A8: EMP03 | B8: Software | C8: Sheikh Muhammad Afnan | D8: 0.5 | E8: 1 | F8: 1 | G8: =D8+Formulas!B4 -> 0.50694444 | H8: =D8+Formulas!B5 -> 0.54166667 | I8: 250 | J8: Realme 9 | K8: - | L8: 861284060158159 | 861284060158142 | M8: -
A9: EMP25 | B9: Software | C9: Awais Abbasi | D9: 0.5 | E9: 1 | F9: 0 | G9: =D9+Formulas!B4 -> 0.50694444 | H9: =D9+Formulas!B5 -> 0.54166667 | I9: 150 | J9: Redmi 14c | K9: IPhone X | L9: 869071078356269 | 869071078356277 | M9: 35672308322742
A10: EMP41 | B10: Software | C10: Ali Hammad | D10: 0.5 | E10: 1 | F10: 1 | G10: =D10+Formulas!B4 -> 0.50694444 | H10: =D10+Formulas!B5 -> 0.54166667 | I10: 150 | J10: Moto E7 Plus | K10: - | L10: 866376057337740 | 866376057337757 | M10: -
A11: EMP06 | B11: Hardware | C11: Malik Nisar Ahmed | D11: 0.47916667 | E11: 0 | F11: 0 | G11: =D11+Formulas!B4 -> 0.48611111 | H11: =D11+Formulas!B5 -> 0.52083333 | I11: 250 | J11: Moto G Pure Edition | K11: - | L11: 351875092331941 | M11: -
A12: EMP09 | B12: Hardware | C12: Muhammad Asif | D12: 0.5 | E12: 0 | F12: 0 | G12: =D12+Formulas!B4 -> 0.50694444 | H12: =D12+Formulas!B5 -> 0.54166667 | I12: 250 | J12: Itel A48 | K12: - | L12: 355911754500824 | 355911754500832 | M12: -
A13: EMP43 | B13: Hardware | C13: Wasey Zai | D13: 0.5 | E13: 0 | F13: 1 | G13: =D13+Formulas!B4 -> 0.50694444 | H13: =D13+Formulas!B5 -> 0.54166667 | I13: 250 | J13: IPHONE XR | K13: Samsung a10s | L13: 354065529798758 | 354065529217601 | M13: 353418118785846 | 353419118785844
A14: EMP35 | B14: Hardware | C14: Husnain Nasrullah | D14: 0.5 | E14: 0 | F14: 1 | G14: =D14+Formulas!B4 -> 0.50694444 | H14: =D14+Formulas!B5 -> 0.54166667 | I14: 150 | J14: Samsung A06 | K14: - | L14: 350234454267387 | 350234454267385 | M14: -
A16: Upto ID
A17: EMP44

Sheet Data Sheet
B2: SOFTECH Mobile (Sale & Service) | AK2: L | AL2: D | AM2: H | AN2: O | AO2: P | AP2: DA | AQ2: HA
B4: Month | C4: September | E4: =C4 -> September
B5: Year | C5: 2026
B6: =DATEVALUE("1"&C4&C5) -> 46266 | C6: =EOMONTH(B6,0) -> 46295
B7: Emp.ID | C7: Emp.Name | E7: =TEXT(E8,"DDD") -> Tue | F7: =TEXT(F8,"DDD") -> Wed | G7: =TEXT(G8,"DDD") -> Thu | H7: =TEXT(H8,"DDD") -> Fri | I7: =TEXT(I8,"DDD") -> Sat | J7: =TEXT(J8,"DDD") -> Sun | K7: =TEXT(K8,"DDD") -> Mon | L7: =TEXT(L8,"DDD") -> Tue | ... AI7: =TEXT(AI8,"DDD")
E8: =B6 -> 46266 | F8: =IFERROR(IF(E8+1>$C$6,"",E8+1),"") -> 46267 | G8: =IFERROR(IF(F8+1>$C$6,"",F8+1),"") -> 46268 | H8: =IFERROR(IF(G8+1>$C$6,"",G8+1),"") -> 46269 | I8: =IFERROR(IF(H8+1>$C$6,"",H8+1),"") -> 46270 | J8: =IFERROR(IF(I8+1>$C$6,"",I8+1),"") -> 46271 | K8: =IFERROR(IF(J8+1>$C$6,"",J8+1),"") -> 46272 | L8: =IFERROR(IF(K8+1>$C$6,"",K8+1),"") -> 46273 | M8: =IFERROR(IF(L8+1>$C$6,"",L8+1),"") -> 46274 | ... AJ8: =IFERROR(IF(AI8+1>$C$6,"",AI8+1),"")
B9: EMP02 | C9: Shahzaib Ali | E9: P | F9: P | G9: HA | H9: P | I9: P | K9: P | L9: P | M9: P | N9: P | O9: DA | P9: L | R9: L | S9: P | T9: P | U9: P | V9: P | W9: P | Y9: L | Z9: P | AA9: P | AB9: P | AC9: P | AD9: L | AF9: P | AG9: L | AH9: P | AK9: Late | AL9: 0.5 Day | AM9: Holiday | AN9: Over Time | AO9: On Time | AP9: 0.5 day (Allow) | AQ9: Holiday (Allow)
B10: EMP03 | C10: Sheikh Muhammad Afnan | E10: L | F10: P | G10: HA | H10: P | I10: L | K10: L | L10: L | M10: L | N10: L | O10: L | P10: L | R10: L | S10: L | T10: L | U10: L | V10: L | W10: L | Y10: L | Z10: L | AA10: L | AB10: L | AC10: L | AD10: L | AF10: P | AG10: L | AH10: L
B11: EMP06 | C11: Malik Nisar Ahmed | E11: P | F11: P | G11: HA | H11: P | I11: P | K11: P | L11: P | M11: P | N11: P | O11: P | P11: P | R11: P | S11: P | T11: P | U11: DA | V11: P | W11: P | Y11: P | Z11: P | AA11: P | AB11: P | AC11: P | AD11: P | AF11: DA | AG11: P | AH11: P
B12: EMP09 | C12: Muhammad Asif | E12: P | F12: P | G12: HA | H12: P | I12: P | K12: P | L12: P | M12: P | N12: P | O12: P | P12: P | R12: P | S12: P | T12: DA | U12: P | V12: P | W12: P | Y12: P | Z12: P | AA12: P | AB12: P | AC12: DA | AD12: P | AF12: P | AG12: P | AH12: P
B13: EMP10 | C13: Jahanzaib Nassar | E13: P | F13: P | G13: HA | H13: P | I13: P | K13: P | L13: DA | M13: L | N13: P | O13: P | P13: P | R13: L | S13: L | T13: L | U13: P | V13: L | W13: P | Y13: P | Z13: P | AA13: DA | AB13: L | AC13: L | AD13: L | AF13: P | AG13: L | AH13: P
B14: EMP25 | C14: Awais Abbasi | E14: P | F14: P | G14: HA | H14: P | I14: P | K14: DA | L14: P | M14: P | N14: P | O14: P | P14: P | R14: P | S14: P | T14: P | U14: P | V14: P | W14: P | Y14: P | Z14: P | AA14: P | AB14: P | AC14: P | AD14: P | AF14: P | AG14: P | AH14: P
B15: EMP35 | C15: Husnain Nasrullah | E15: P | F15: P | G15: HA | H15: P | I15: P | K15: P | L15: P | M15: P | N15: P | O15: P | P15: P | R15: P | S15: P | T15: P | U15: P | V15: P | W15: P | Y15: P | Z15: P | AA15: P | AB15: P | AC15: P | AD15: P | AF15: P | AG15: L | AH15: DA
B16: EMP40 | C16: Sheikh Muhammad Usman | E16: P | F16: P | G16: HA | H16: P | I16: P | K16: P | L16: P | M16: P | N16: P | O16: P | P16: P | R16: P | S16: P | T16: L | U16: P | V16: P | W16: P | Y16: P | Z16: H | AA16: P | AB16: P | AC16: P | AD16: P | AF16: P | AG16: P | AH16: L
B17: EMP41 | C17: Ali Hammad | E17: P | F17: P | G17: HA | H17: P | I17: P | K17: P | L17: P | M17: P | N17: P | O17: P | P17: P | R17: P | S17: P | T17: P | U17: H | V17: P | W17: P | Y17: P | Z17: P | AA17: P | AB17: P | AC17: P | AD17: P | AF17: P | AG17: P | AH17: P
B18: EMP43 | C18: Wasey Zai | E18: P | F18: P | G18: HA | H18: P | I18: P | K18: P | L18: P | M18: P | N18: P | O18: P | P18: P | R18: P | S18: P | T18: P | U18: P | V18: P | W18: P | Y18: P | Z18: P | AA18: P | AB18: P | AC18: P | AD18: P | AF18: P | AG18: DA | AH18: P
B19: 0 | C19: 0
B20: 0 | C20: 0
B21: 0 | C21: 0
B22: 0 | C22: 0
B23: 0 | C23: 0
B25: =B7 -> Emp.ID | C25: =C7 -> Emp.Name | E25: Late | G25: 0.5 Day | J25: Holiday | M25: Overtime | Q25: On Time | U25: 0.5 day (Allow) | Z25: Holiday (Allow)
B26: =B9 -> EMP02 | C26: =C9 -> Shahzaib Ali | E26: =COUNTIF(E9:AI9,"L") -> 5 | G26: =COUNTIF(E9:AI9,"D") -> 0 | J26: =COUNTIF(E9:AI9,"H") -> 0 | M26: =COUNTIF(E9:AI9,"O") -> 0 | Q26: =COUNTIF(E9:AI9,"P") -> 19 | U26: =COUNTIF(E9:AI9,"DA") -> 1 | Z26: =COUNTIF(E9:AI9,"HA") -> 1
B27: =B10 -> EMP03 | C27: =C10 -> Sheikh Muhammad Afnan | E27: =COUNTIF(E10:AI10,"L") -> 22 | G27: =COUNTIF(E10:AI10,"D") -> 0 | J27: =COUNTIF(E10:AI10,"H") -> 0 | M27: =COUNTIF(E10:AI10,"O") -> 0 | Q27: =COUNTIF(E10:AI10,"P") -> 3 | U27: =COUNTIF(E10:AI10,"DA") -> 0 | Z27: =COUNTIF(E10:AI10,"HA") -> 1
B28: =B11 -> EMP06 | C28: =C11 -> Malik Nisar Ahmed | E28: =COUNTIF(E11:AI11,"L") -> 0 | G28: =COUNTIF(E11:AI11,"D") -> 0 | J28: =COUNTIF(E11:AI11,"H") -> 0 | M28: =COUNTIF(E11:AI11,"O") -> 0 | Q28: =COUNTIF(E11:AI11,"P") -> 23 | U28: =COUNTIF(E11:AI11,"DA") -> 2 | Z28: =COUNTIF(E11:AI11,"HA") -> 1
B29: =B12 -> EMP09 | C29: =C12 -> Muhammad Asif | E29: =COUNTIF(E12:AI12,"L") -> 0 | G29: =COUNTIF(E12:AI12,"D") -> 0 | J29: =COUNTIF(E12:AI12,"H") -> 0 | M29: =COUNTIF(E12:AI12,"O") -> 0 | Q29: =COUNTIF(E12:AI12,"P") -> 23 | U29: =COUNTIF(E12:AI12,"DA") -> 2 | Z29: =COUNTIF(E12:AI12,"HA") -> 1
B30: =B13 -> EMP10 | C30: =C13 -> Jahanzaib Nassar | E30: =COUNTIF(E13:AI13,"L") -> 9 | G30: =COUNTIF(E13:AI13,"D") -> 0 | J30: =COUNTIF(E13:AI13,"H") -> 0 | M30: =COUNTIF(E13:AI13,"O") -> 0 | Q30: =COUNTIF(E13:AI13,"P") -> 14 | U30: =COUNTIF(E13:AI13,"DA") -> 2 | Z30: =COUNTIF(E13:AI13,"HA") -> 1
B31: =B14 -> EMP25 | C31: =C14 -> Awais Abbasi | E31: =COUNTIF(E14:AI14,"L") -> 0 | G31: =COUNTIF(E14:AI14,"D") -> 0 | J31: =COUNTIF(E14:AI14,"H") -> 0 | M31: =COUNTIF(E14:AI14,"O") -> 0 | Q31: =COUNTIF(E14:AI14,"P") -> 24 | U31: =COUNTIF(E14:AI14,"DA") -> 1 | Z31: =COUNTIF(E14:AI14,"HA") -> 1
B32: =B15 -> EMP35 | C32: =C15 -> Husnain Nasrullah | E32: =COUNTIF(E15:AI15,"L") -> 1 | G32: =COUNTIF(E15:AI15,"D") -> 0 | J32: =COUNTIF(E15:AI15,"H") -> 0 | M32: =COUNTIF(E15:AI15,"O") -> 0 | Q32: =COUNTIF(E15:AI15,"P") -> 23 | U32: =COUNTIF(E15:AI15,"DA") -> 1 | Z32: =COUNTIF(E15:AI15,"HA") -> 1
B33: =B16 -> EMP40 | C33: =C16 -> Sheikh Muhammad Usman | E33: =COUNTIF(E16:AI16,"L") -> 2 | G33: =COUNTIF(E16:AI16,"D") -> 0 | J33: =COUNTIF(E16:AI16,"H") -> 1 | M33: =COUNTIF(E16:AI16,"O") -> 0 | Q33: =COUNTIF(E16:AI16,"P") -> 22 | U33: =COUNTIF(E16:AI16,"DA") -> 0 | Z33: =COUNTIF(E16:AI16,"HA") -> 1
B34: =B17 -> EMP41 | C34: =C17 -> Ali Hammad | E34: =COUNTIF(E17:AI17,"L") -> 0 | G34: =COUNTIF(E17:AI17,"D") -> 0 | J34: =COUNTIF(E17:AI17,"H") -> 1 | M34: =COUNTIF(E17:AI17,"O") -> 0 | Q34: =COUNTIF(E17:AI17,"P") -> 24 | U34: =COUNTIF(E17:AI17,"DA") -> 0 | Z34: =COUNTIF(E17:AI17,"HA") -> 1
B35: =B18 -> EMP43 | C35: =C18 -> Wasey Zai | E35: =COUNTIF(E18:AI18,"L") -> 0 | G35: =COUNTIF(E18:AI18,"D") -> 0 | J35: =COUNTIF(E18:AI18,"H") -> 0 | M35: =COUNTIF(E18:AI18,"O") -> 0 | Q35: =COUNTIF(E18:AI18,"P") -> 24 | U35: =COUNTIF(E18:AI18,"DA") -> 1 | Z35: =COUNTIF(E18:AI18,"HA") -> 1
B36: =B19 -> 0 | C36: =C19 -> 0 | E36: =COUNTIF(E19:AI19,"L") -> 0 | G36: =COUNTIF(E19:AI19,"D") -> 0 | J36: =COUNTIF(E19:AI19,"H") -> 0 | M36: =COUNTIF(E19:AI19,"O") -> 0 | Q36: =COUNTIF(E19:AI19,"P") -> 0 | U36: =COUNTIF(E19:AI19,"DA") -> 0 | Z36: =COUNTIF(E19:AI19,"HA") -> 0
B37: =B20 -> 0 | C37: =C20 -> 0 | E37: =COUNTIF(E20:AI20,"L") -> 0 | G37: =COUNTIF(E20:AI20,"D") -> 0 | J37: =COUNTIF(E20:AI20,"H") -> 0 | M37: =COUNTIF(E20:AI20,"O") -> 0 | Q37: =COUNTIF(E20:AI20,"P") -> 0 | U37: =COUNTIF(E20:AI20,"DA") -> 0 | Z37: =COUNTIF(E20:AI20,"HA") -> 0
... B40: =B23 -> 0 | C40: =C23 -> 0 | E40: =COUNTIF(E23:AI23,"L") -> 0 | G40: =COUNTIF(E23:AI23,"D") -> 0 | J40: =COUNTIF(E23:AI23,"H") -> 0 | M40: =COUNTIF(E23:AI23,"O") -> 0 | Q40: =COUNTIF(E23:AI23,"P") -> 0 | U40: =COUNTIF(E23:AI23,"DA") -> 0 | Z40: =COUNTIF(E23:AI23,"HA") -> 0
AE41: `

Sheet Formulas
A2: Shift I
A4: Late | B4: 0.0069444444 | D4: January | E4: 2024
A5: Half Day Starts | B5: 0.041666667 | D5: February | E5: 2025
A6: Last To Enter | B6: 0.125 | D6: March | E6: 2026
D7: April | E7: 2027
A8: Shift II | D8: May | E8: 2028
D9: June | E9: 2029
A10: Late | B10: 0.0069444444 | D10: July | E10: 2030
A11: Half Day Starts | B11: 0.041666667 | D11: August
D12: September
D13: October
D14: November
D15: December
